season,index,last_active_week,celebrity_name,ballroom_partner,celebrity_industry,celebrity_homestate,celebrity_homecountry/region,celebrity_age_during_season,week1_avg,week2_avg,week3_avg,week4_avg,week5_avg,week6_avg,week7_avg,week8_avg,week9_avg,week10_avg,week11_avg,social_media_fans
1,1,6,John O'Hurley,Charlotte Jorgensen,Actor/Actress,Maine,United States,50,6.666666666666667,8.666666666666666,8.0,7.0,9.0,9.0,,,,,,0.0
1,2,0,Kelly Monaco,Alec Mazo,Actor/Actress,Pennsylvania,United States,29,4.333333333333333,5.666666666666667,7.0,8.666666666666666,7.833333333333333,9.166666666666666,,,,,,0.7079136690647482
1,3,3,Evander Holyfield,Edyta Sliwinska,Athlete,Alabama,United States,42,6.0,4.666666666666667,4.333333333333333,,,,,,,,,0.008633093525179856
1,4,4,Rachel Hunter,Jonathan Roberts,Model,,New Zealand,35,6.666666666666667,8.0,8.666666666666666,8.333333333333334,,,,,,,,0.2647482014388489
1,5,5,Joey McIntyre,Ashly DelGrosso,Singer/Rapper,Massachusetts,United States,32,6.666666666666667,7.0,7.333333333333333,6.666666666666667,7.5,,,,,,,0.02302158273381295
1,6,2,Trista Sutter,Louis van Amstel,TV Personality,Indiana,United States,32,6.0,6.333333333333333,,,,,,,,,,0.0057553956834532375
2,1,2,Tatum O'Neal,Nick Kosovich,Actor/Actress,California,United States,42,7.666666666666667,5.666666666666667,,,,,,,,,,0.0
2,2,5,Tia Carrere,Maksim Chmerkoskiy,Actor/Actress,Hawaii,United States,39,6.666666666666667,7.333333333333333,8.666666666666666,8.333333333333334,7.333333333333333,,,,,,,0.014825796886582653
2,3,6,George Hamilton,Edyta Sliwinska,Actor/Actress,Tennessee,United States,66,6.0,7.333333333333333,7.333333333333333,7.0,8.0,7.666666666666667,,,,,,0.04151223128243143
2,4,7,Lisa Rinna,Louis van Amstel,Actor/Actress,California,United States,42,6.333333333333333,6.666666666666667,8.333333333333334,8.666666666666666,8.333333333333334,9.0,8.833333333333334,,,,,0.09191994069681246
2,5,8,Stacy Keibler,Tony Dovolani,Athlete,Maryland,United States,26,7.333333333333333,9.666666666666666,9.0,8.666666666666666,10.0,10.0,9.166666666666666,9.5555,,,,0.26241660489251295
2,6,8,Jerry Rice,Anna Trebunskaya,Athlete,Mississippi,United States,43,7.0,7.666666666666667,6.333333333333333,8.0,7.666666666666667,7.666666666666667,6.833333333333333,8.888866666666667,,,,0.039288361749444035
2,7,3,Giselle Fernandez,Jonathan Roberts,News Anchor,,Mexico,44,7.666666666666667,8.0,7.333333333333333,,,,,,,,,0.01630837657524092
2,8,4,Master P,Ashly DelGrosso,Singer/Rapper,Louisiana,United States,35,4.0,5.333333333333333,4.666666666666667,2.6666666666666665,,,,,,,,0.022979985174203115
2,9,0,Drew Lachey,Cheryl Burke,Singer/Rapper,Ohio,United States,29,8.0,9.0,9.0,9.333333333333334,9.0,10.0,9.166666666666666,9.6666,,,,0.03187546330615271
2,10,1,Kenny Mayne,Andrea Hale,Sports Broadcaster,Washington,United States,46,4.333333333333333,,,,,,,,,,,0.005189028910303929
3,1,3,Harry Hamlin,Ashly DelGrosso,Actor/Actress,California,United States,54,5.666666666666667,7.0,7.333333333333333,,,,,,,,,0.004889975550122249
3,2,4,Vivica A. Fox,Nick Kosovich,Actor/Actress,Indiana,United States,42,7.333333333333333,8.0,9.0,8.0,,,,,,,,0.0008149959250203749
3,3,8,Monique Coleman,Louis van Amstel,Actor/Actress,South Carolina,United States,25,6.333333333333333,8.666666666666666,9.0,8.0,9.0,7.666666666666667,9.0,8.833333333333334,,,,0.010594947025264874
3,4,9,Joey Lawrence,Edyta Sliwinska,Actor/Actress,Pennsylvania,United States,30,7.0,9.666666666666666,7.333333333333333,9.0,8.333333333333334,8.0,9.5,9.0,9.833333333333334,,,0.07905460472697637
3,5,10,Mario Lopez,Karina Smirnoff,Actor/Actress,California,United States,32,8.666666666666666,7.0,7.333333333333333,9.666666666666666,9.0,9.333333333333334,9.333333333333334,9.5,9.833333333333334,9.888866666666667,,0.1361043194784026
3,6,0,Emmitt Smith,Cheryl Burke,Athlete,Florida,United States,37,8.0,8.0,6.333333333333333,8.0,9.0,8.333333333333334,9.5,9.0,9.833333333333334,9.888866666666667,,0.022819885900570498
3,7,2,Shanna Moakler,Jesse DeSoto,Model,Rhode Island,United States,31,6.0,7.333333333333333,,,,,,,,,,0.06356968215158924
3,8,5,Willa Ford,Maksim Chmerkoskiy,Singer/Rapper,Florida,United States,25,7.333333333333333,7.666666666666667,7.333333333333333,9.333333333333334,9.0,,,,,,,0.08557457212713937
3,9,5,Sara Evans,Tony Dovolani,Singer/Rapper,Missouri,United States,35,5.0,7.0,8.333333333333334,6.666666666666667,8.0,,,,,,,0.37010309278350517
3,10,7,Jerry Springer,Kym Johnson,TV Personality,,England,62,5.333333333333333,6.333333333333333,7.0,7.333333333333333,8.0,6.0,7.666666666666667,,,,,0.04742268041237114
3,11,1,Tucker Carlson,Elena Grinenko,TV Personality,California,United States,37,4.0,,,,,,,,,,,0.01134020618556701
4,1,7,John Ratzenberger,Edyta Sliwinska,Actor/Actress,Connecticut,United States,59,5.666666666666667,7.0,6.666666666666667,5.333333333333333,6.0,6.333333333333333,7.5,,,,,0.007936507936507936
4,2,9,Ian Ziering,Cheryl Burke,Actor/Actress,New Jersey,United States,42,7.0,7.333333333333333,8.0,8.0,8.0,8.0,9.0,7.833333333333333,9.666666666666666,,,0.015262515262515262
4,3,5,Clyde Drexler,Elena Grinenko,Athlete,Louisiana,United States,44,5.333333333333333,6.0,5.333333333333333,5.0,4.333333333333333,,,,,,,0.009157509157509158
4,4,10,Laila Ali,Maksim Chmerkoskiy,Athlete,Florida,United States,29,7.666666666666667,9.0,7.0,7.0,9.333333333333334,9.333333333333334,9.833333333333334,8.833333333333334,10.0,9.444400000000002,,0.029914529914529916
4,5,0,Apolo Anton Ohno,Julianne Hough,Athlete,Washington,United States,24,7.0,8.666666666666666,7.666666666666667,8.666666666666666,10.0,9.333333333333334,9.0,9.666666666666666,9.833333333333334,9.777733333333334,,0.019536019536019536
4,6,3,Shandi Finnessey,Brian Fortuna,Beauty Pagent,Missouri,United States,28,6.333333333333333,6.666666666666667,7.0,,,,,,,,,0.013431013431013432
4,7,2,Paulina Porizkova,Alec Mazo,Model,,Czechoslovakia,41,6.333333333333333,7.0,,,,,,,,,,0.018315018315018316
4,8,6,Heather Mills,Jonathan Roberts,Model,,England,39,6.0,8.0,8.0,7.666666666666667,7.0,7.666666666666667,,,,,,0.07997557997557997
4,9,8,Billy Ray Cyrus,Karina Smirnoff,Singer/Rapper,Kentucky,United States,45,4.333333333333333,7.0,7.0,7.0,5.666666666666667,7.0,6.333333333333333,6.333333333333333,,,,0.03296703296703297
4,10,10,Joey Fatone,Kym Johnson,Singer/Rapper,New York,United States,30,8.0,8.0,8.0,9.333333333333334,8.333333333333334,9.0,9.833333333333334,9.166666666666666,10.0,9.5555,,0.021367521367521368
4,11,4,Leeza Gibbons,Tony Dovolani,TV Personality,South Carolina,United States,50,5.0,7.0,8.0,5.333333333333333,,,,,,,,0.014652014652014652
5,1,8,Cameron Mathison,Edyta Sliwinska,Actor/Actress,,Canada,38,7.0,7.0,7.666666666666667,9.0,8.666666666666666,8.333333333333334,8.5,8.5,,,,0.010084033613445379
5,2,7,Jane Seymour,Tony Dovolani,Actor/Actress,,England,56,8.0,7.0,9.0,8.666666666666666,8.666666666666666,7.333333333333333,8.333333333333334,,,,,0.06330532212885154
5,3,6,Sabrina Bryan,Mark Ballas,Actor/Actress,California,United States,23,8.666666666666666,8.666666666666666,9.0,10.0,9.333333333333334,8.333333333333334,,,,,,0.06218487394957983
5,4,9,Jennie Garth,Derek Hough,Actor/Actress,Illinois,United States,35,7.0,7.0,8.666666666666666,9.0,8.333333333333334,9.0,8.833333333333334,8.333333333333334,9.666666666666666,,,0.036414565826330535
5,5,4,Floyd Mayweather Jr. ,Karina Smirnoff,Athlete,Michigan,United States,30,6.0,7.0,7.0,7.666666666666667,,,,,,,,0.0
5,6,1,Josie Maran,Alec Mazo,Model,California,United States,29,5.333333333333333,,,,,,,,,,,0.017927170868347338
5,7,2,Albert Reed,Anna Trebunskaya,Model,Florida,United States,22,7.0,7.0,,,,,,,,,,0.02072829131652661
5,8,0,Helio Castroneves,Julianne Hough,Racing Driver,,Brazil,32,8.333333333333334,9.0,8.0,9.0,7.666666666666667,9.333333333333334,8.666666666666666,9.5,10.0,9.333300000000001,,0.017927170868347338
5,9,10,Mel B,Maksim Chmerkoskiy,Singer/Rapper,,England,32,8.0,7.666666666666667,9.0,8.666666666666666,9.666666666666666,10.0,9.0,9.333333333333334,10.0,9.4444,,0.014005602240896359
5,10,3,Wayne Newton,Cheryl Burke,Singer/Rapper,Virginia,United States,65,6.333333333333333,5.0,6.0,,,,,,,,,0.052100840336134456
5,11,10,Marie Osmond,Jonathan Roberts,Singer/Rapper,Utah,United States,47,7.0,8.0,8.666666666666666,8.666666666666666,7.0,7.666666666666667,8.666666666666666,8.166666666666666,9.333333333333334,7.666666666666667,,0.16470588235294117
5,12,5,Mark Cuban,Kym Johnson,TV Personality,Pennsylvania,United States,49,7.0,6.0,6.666666666666667,7.333333333333333,7.0,,,,,,,0.06050420168067227
6,1,10,Cristian de la Fuente,Cheryl Burke,Actor/Actress,,Chile,34,7.0,6.666666666666667,8.333333333333334,8.666666666666666,7.666666666666667,9.0,7.666666666666667,9.5,9.333333333333334,8.666666666666666,,0.012369172216936251
6,2,3,Steve Guttenberg,Anna Trebunskaya,Actor/Actress,New York,United States,49,6.0,5.333333333333333,7.0,,,,,,,,,0.010941960038058992
6,3,5,Priscilla Presley,Louis van Amstel,Actor/Actress,New York,United States,62,8.0,7.0,8.666666666666666,7.333333333333333,7.0,,,,,,,0.11084681255946717
6,4,6,Marlee Matlin,Fabian Sanchez,Actor/Actress,Illinois,United States,42,7.333333333333333,8.0,7.0,8.0,7.333333333333333,7.0,,,,,,0.0356803044719315
6,5,7,Shannon Elizabeth,Derek Hough,Actor/Actress,Texas,United States,34,7.0,8.0,8.0,9.333333333333334,7.666666666666667,8.0,8.5,,,,,0.14700285442435776
6,6,9,Marissa Jaret Winokur,Tony Dovolani,Actor/Actress,New York,United States,35,6.0,7.0,6.333333333333333,8.0,8.0,8.666666666666666,8.666666666666666,8.333333333333334,8.666666666666666,,,0.01665080875356803
6,7,10,Jason Taylor,Edyta Sliwinska,Athlete,Pennsylvania,United States,33,7.333333333333333,9.0,7.666666666666667,9.666666666666666,9.0,8.0,9.166666666666666,8.666666666666666,9.166666666666666,9.5,,0.08039961941008564
6,8,0,Kristi Yamaguchi,Mark Ballas,Athlete,California,United States,36,9.0,9.0,9.0,9.666666666666666,9.666666666666666,10.0,9.0,9.166666666666666,9.5,10.0,,0.03853472882968601
6,9,2,Monica Seles,Jonathan Roberts,Athlete,,Yugoslavia,34,5.0,5.0,,,,,,,,,,0.02424242424242424
6,10,2,Penn Jillette,Kym Johnson,Magician,Massachusetts,United States,53,5.333333333333333,5.666666666666667,,,,,,,,,,0.002754820936639118
6,11,4,Adam Carolla,Julianne Hough,Radio Personality,California,United States,43,5.0,6.333333333333333,7.0,6.333333333333333,,,,,,,,0.03911845730027548
6,12,8,Mario,Karina Smirnoff,Singer/Rapper,Maryland,United States,21,8.0,8.666666666666666,7.0,8.0,9.0,9.333333333333334,8.5,8.833333333333334,,,,2.1625344352617075
7,1,1,Ted McGinley,Inna Brayer,Actor/Actress,California,United States,50,6.166666666666667,,,,,,,,,,,0.00909090909090909
7,2,6,Cloris Leachman,Corky Ballas,Actor/Actress,Iowa,United States,82,5.333333333333333,5.0,5.333333333333333,7.333333333333333,7.0,5.0,,,,,,0.06859504132231405
7,3,7,Susan Lucci,Tony Dovolani,Actor/Actress,New York,United States,61,6.166666666666667,7.0,7.0,8.0,7.333333333333333,7.666666666666667,8.0,,,,,0.0652892561983471
7,4,9,Cody Linley,Julianne Hough,Actor/Actress,Texas,United States,18,6.833333333333333,7.0,7.0,7.666666666666667,9.333333333333334,7.666666666666667,7.333333333333333,8.0,7.666666666666667,,,0.05537190082644628
7,5,2,Misty May-Treanor,Maksim Chmerkoskiy,Athlete,California,United States,31,7.0,7.0,,,,,,,,,,0.008264462809917356
7,6,8,Maurice Greene,Cheryl Burke,Athlete,Kansas,United States,34,6.5,6.333333333333333,8.0,6.666666666666667,9.0,7.0,8.333333333333334,8.0,,,,0.001652892561983471
7,7,10,Warren Sapp,Kym Johnson,Athlete,Florida,United States,35,7.166666666666667,8.0,8.333333333333334,7.333333333333333,8.333333333333334,8.333333333333334,7.0,9.0,8.166666666666666,9.166666666666666,,0.04132231404958678
7,8,1,Jeffrey Ross,Edyta Sliwinska,Comedian,New Jersey,United States,43,4.0,,,,,,,,,,,0.004132231404958678
7,9,5,Toni Braxton,Alec Mazo,Singer/Rapper,Maryland,United States,40,7.5,7.666666666666667,7.333333333333333,7.333333333333333,7.333333333333333,,,,,,,0.049586776859504134
7,10,10,Lance Bass,Lacey Schwimmer,Singer/Rapper,Mississippi,United States,29,7.166666666666667,6.666666666666667,7.333333333333333,8.666666666666666,7.0,9.0,8.333333333333334,8.333333333333334,9.5,9.166666666666666,,0.02809917355371901
7,11,2,Kim Kardashian,Mark Ballas,TV Personality,California,United States,27,6.166666666666667,5.666666666666667,,,,,,,,,,0.7181818181818181
7,12,4,Rocco DiSpirito,Karina Smirnoff,TV Personality,New York,United States,41,5.833333333333333,5.333333333333333,6.666666666666667,6.0,,,,,,,,0.011570247933884297
7,13,0,Brooke Burke,Derek Hough,TV Personality,Connecticut,United States,37,8.166666666666666,8.0,9.333333333333334,8.666666666666666,9.666666666666666,8.666666666666666,10.0,9.166666666666666,8.166666666666666,10.0,,0.16859504132231404
8,1,11,Gilles Marini,Cheryl Burke,Actor/Actress,,France,33,8.0,9.0,9.0,10.0,9.666666666666666,8.666666666666666,9.0,9.166666666666666,9.333333333333334,10.0,9.666666666666666,0.042666666666666665
8,2,3,Denise Richards,Maksim Chmerkoskiy,Actor/Actress,Illinois,United States,38,6.0,7.0,5.333333333333333,,,,,,,,,0.06733333333333333
8,3,5,David Alan Grier,Kym Johnson,Actor/Actress,Michigan,United States,52,6.333333333333333,5.666666666666667,8.0,7.333333333333333,7.333333333333333,,,,,,,0.002
8,4,7,Lawrence Taylor,Edyta Sliwinska,Athlete,Virginia,United States,50,5.333333333333333,6.666666666666667,6.666666666666667,6.333333333333333,6.666666666666667,7.333333333333333,7.0,,,,,0.006666666666666667
8,5,10,Ty Murray,Chelsie Hightower,Athlete,Arizona,United States,39,4.666666666666667,6.666666666666667,7.666666666666667,8.333333333333334,7.0,6.0,8.0,8.666666666666666,7.666666666666667,8.0,,0.018
8,6,0,Shawn Johnson,Mark Ballas,Athlete,Iowa,United States,17,7.666666666666667,8.0,9.0,8.333333333333334,8.666666666666666,8.666666666666666,9.333333333333334,8.666666666666666,9.333333333333334,9.333333333333334,10.0,0.16333333333333333
8,7,4,Steve Wozniak,Karina Smirnoff,Entrepreneur,California,United States,58,4.333333333333333,5.666666666666667,3.3333333333333335,4.0,,,,,,,,0.030666666666666665
8,8,2,Belinda Carlisle,Jonathan Roberts,Singer/Rapper,California,United States,50,5.666666666666667,6.0,,,,,,,,,,0.016666666666666666
8,9,8,Chuck Wicks,Julianne Hough,Singer/Rapper,Delaware,United States,29,6.666666666666667,6.666666666666667,7.666666666666667,7.333333333333333,7.666666666666667,7.666666666666667,9.0,8.5,,,,0.03666666666666667
8,10,9,Lil' Kim,Derek Hough,Singer/Rapper,New York,United States,34,7.0,7.666666666666667,8.333333333333334,9.0,8.666666666666666,9.333333333333334,8.666666666666666,9.333333333333334,8.666666666666666,,,0.0
8,11,6,Steve-O,Lacey Schwimmer,TV Personality,,England,34,5.666666666666667,4.666666666666667,5.0,5.0,6.0,5.333333333333333,,,,,,0.034
8,12,4,Holly Madison,Dmitry Chaplin,TV Personality,Oregon,United States,30,6.0,6.0,5.666666666666667,5.333333333333333,,,,,,,,0.11266666666666666
8,13,11,Melissa Rycroft,Tony Dovolani,TV Personality,Texas,United States,26,7.666666666666667,8.666666666666666,9.0,9.666666666666666,8.333333333333334,9.0,9.666666666666666,7.666666666666667,9.5,9.166666666666666,9.5,0.09466666666666666
9,1,1,Ashley Hamiliton,Edyta Sliwinska,Actor/Actress,California,United States,34,6.3333,,,,,,,,,,,0.0005512679162072767
9,2,3,Debi Mazar,Maksim Chmerkoskiy,Actor/Actress,New York,United States,45,7.333333333333333,7.0,5.666666666666667,,,,,,,,,0.015986769570011026
9,3,6,Melissa Joan Hart,Mark Ballas,Actor/Actress,New York,United States,33,8.0,6.333333333333333,6.333333333333333,9.333333333333334,7.666666666666667,7.9999666666666664,,,,,,0.0402425578831312
9,4,7,Mark Dacascos,Lacey Schwimmer,Actor/Actress,Hawaii,United States,45,9.6666,7.0,6.0,7.333333333333333,8.666666666666666,10.666666666666666,7.166666666666667,,,,,0.013781697905181918
9,5,4,Chuck Liddell,Anna Trebunskaya,Athlete,California,United States,39,7.333333333333333,6.333333333333333,5.666666666666667,5.666666666666667,,,,,,,,0.04575523704520397
9,6,5,Natalie Coughlin,Alec Mazo,Athlete,California,United States,27,8.999933333333333,7.0,8.666666666666666,8.0,7.333333333333333,,,,,,,0.019294377067254686
9,7,6,Louie Vito,Chelsie Hightower,Athlete,Ohio,United States,21,8.999933333333333,6.333333333333333,6.666666666666667,5.333333333333333,7.333333333333333,8.0,,,,,,0.029768467475192944
9,8,7,Michael Irvin,Anna Demidova,Athlete,Florida,United States,43,6.333333333333333,6.666666666666667,4.666666666666667,5.333333333333333,7.0,7.333266666666667,7.833333333333333,,,,,0.013230429988974642
9,9,9,Joanna Krupa,Derek Hough,Model,,Poland,30,11.3333,6.666666666666667,7.666666666666667,8.666666666666666,8.0,11.999966666666666,9.166666666666666,8.666666666666666,9.0,,,0.12183020948180816
9,10,2,Kathy Ireland,Tony Dovolani,Model,California,United States,46,6.666633333333333,6.0,,,,,,,,,,0.04851157662624035
9,11,3,Tom DeLay,Cheryl Burke,Politician,Texas,United States,62,6.666633333333333,6.0,5.0,,,,,,,,,0.047409040793825796
9,12,1,Macy Gray,Jonathan Roberts,Singer/Rapper,Ohio,United States,42,6.3333,,,,,,,,,,,0.021499448732083794
9,13,8,Aaron Carter,Karina Smirnoff,Singer/Rapper,Florida,United States,21,10.666633333333332,9.0,7.0,6.0,8.0,10.999933333333333,8.833333333333334,8.333333333333334,,,,0.08213891951488424
9,14,10,Mya,Dmitry Chaplin,Singer/Rapper,Washington D.C.,United States,29,10.3333,9.0,9.0,9.333333333333334,9.0,11.0,8.166666666666666,9.833333333333334,9.666633333333333,9.4444,,0.1422271223814774
9,15,0,Donny Osmond,Kym Johnson,Singer/Rapper,Utah,United States,51,9.999966666666666,8.333333333333334,7.0,8.0,9.666666666666666,10.3333,8.666666666666666,8.333333333333334,8.2222,9.6666,,0.04630650496141125
9,16,10,Kelly Osbourne,Louis van Amstel,TV Personality,,England,24,10.333266666666667,6.333333333333333,6.666666666666667,7.666666666666667,8.0,8.333266666666667,8.666666666666666,8.5,8.6666,8.4074,,0.05622932745314223
10,1,4,Aiden Turner,Edyta Sliwinska,Actor/Actress,,England,32,5.0,6.333333333333333,6.666666666666667,5.5,,,,,,,,0.008463541666666666
10,2,2,Shannen Doherty,Mark Ballas,Actor/Actress,Tennessee,United States,38,6.0,6.666666666666667,,,,,,,,,,0.013671875
10,3,8,Niecy Nash,Louis van Amstel,Actor/Actress,California,United States,40,6.0,7.0,7.0,6.0,6.0,8.6666,8.166666666666666,7.166666666666667,,,,0.016927083333333332
10,4,3,Buzz Aldrin,Ashly DelGrosso,Astronaut,New Jersey,United States,80,4.666666666666667,4.0,4.333333333333333,,,,,,,,,0.032552083333333336
10,5,9,Chad Ochocinco,Cheryl Burke,Athlete,Florida,United States,32,6.0,5.333333333333333,6.666666666666667,7.333333333333333,6.0,10.3333,8.666666666666666,7.5,8.666666666666666,,,0.06315104166666667
10,6,10,Evan Lysacek,Anna Trebunskaya,Athlete,Illinois,United States,24,7.666666666666667,8.0,8.666666666666666,8.666666666666666,9.0,9.0,9.0,8.833333333333334,9.833333333333334,8.9629,,0.044270833333333336
10,7,7,Pamela Anderson,Damian Whitewood,Model,,Canada,42,7.0,7.333333333333333,7.0,7.833333333333333,7.0,9.999933333333333,8.5,,,,,0.14713541666666666
10,8,0,Nicole Scherzinger,Derek Hough,Singer/Rapper,Hawaii,United States,31,8.333333333333334,9.333333333333334,7.666666666666667,8.333333333333334,9.666666666666666,11.999966666666666,9.0,9.833333333333334,9.833333333333334,9.592566666666666,,0.087890625
10,9,10,Erin Andrews,Maksim Chmerkoskiy,Sports Broadcaster,Maine,United States,32,7.0,7.666666666666667,7.666666666666667,6.5,7.333333333333333,11.333333333333334,8.5,8.833333333333334,9.333333333333334,8.999933333333333,,0.2545572916666667
10,10,5,Kate Gosselin,Tony Dovolani,TV Personality,Pennsylvania,United States,35,5.333333333333333,5.0,5.0,5.333333333333333,5.0,,,,,,,0.248046875
10,11,6,Jake Pavelka,Chelsie Hightower,TV Personality,Texas,United States,32,6.666666666666667,6.666666666666667,7.0,6.333333333333333,7.666666666666667,8.3333,,,,,,0.030598958333333332
11,1,1,David Hasselhoff,Kym Johnson,Actor/Actress,Maryland,United States,58,5.0,,,,,,,,,,,0.025
11,2,5,Florence Henderson,Corky Ballas,Actor/Actress,Indiana,United States,76,6.0,6.333333333333333,6.666666666666667,5.833333333333333,7.0,,,,,,,0.02890625
11,3,10,Kyle Massey,Lacey Schwimmer,Actor/Actress,Georgia,United States,19,7.666666666666667,7.333333333333333,7.666666666666667,6.666666666666667,6.666666666666667,9.999966666666666,8.375,9.333333333333334,9.666666666666666,9.111066666666666,,0.034375
11,4,0,Jennifer Grey,Derek Hough,Actor/Actress,New York,United States,50,8.0,8.0,8.0,9.333333333333334,8.333333333333334,9.666666666666666,9.125,9.5,10.0,10.0,,0.2078125
11,5,7,Rick Fox,Cheryl Burke,Athlete,,Canada,41,7.333333333333333,7.0,8.0,6.5,8.0,10.0,8.625,,,,,0.08203125
11,6,8,Kurt Warner,Anna Trebunskaya,Athlete,Iowa,United States,39,6.333333333333333,7.0,7.666666666666667,5.666666666666667,8.0,7.3333,8.75,8.0,,,,0.03359375
11,7,3,Margaret Cho,Louis van Amstel,Comedian,California,United States,41,5.0,6.0,6.0,,,,,,,,,0.01796875
11,8,2,Michael Bolton,Chelsie Hightower,Singer/Rapper,Connecticut,United States,57,5.333333333333333,4.0,,,,,,,,,,0.03046875
11,9,9,Brandy,Maksim Chmerkoskiy,Singer/Rapper,Mississippi,United States,31,7.666666666666667,7.0,8.0,8.0,9.0,11.999966666666666,9.125,9.5,9.5,,,0.1953125
11,10,4,The Situation,Karina Smirnoff,TV Personality,New York,United States,28,5.0,6.0,6.666666666666667,4.666666666666667,,,,,,,,0.15390625
11,11,6,Audrina Patridge,Tony Dovolani,TV Personality,California,United States,25,6.333333333333333,7.666666666666667,8.666666666666666,7.666666666666667,7.666666666666667,10.6666,,,,,,0.06875
11,12,10,Bristol Palin,Mark Ballas,TV Personality,Alaska,United States,19,6.0,7.333333333333333,6.333333333333333,5.333333333333333,6.0,9.333266666666667,8.125,7.833333333333333,8.833333333333334,8.555533333333335,,0.1671875
12,1,9,Ralph Macchio,Karina Smirnoff,Actor/Actress,New York,United States,49,8.0,7.0,7.0,8.333333333333334,7.333333333333333,8.0,8.25,7.666666666666667,8.0,,,0.10661107802263252
12,2,10,Chelsea Kane,Mark Ballas,Actor/Actress,Arizona,United States,22,7.0,6.0,7.666666666666667,8.666666666666666,8.666666666666666,9.333333333333334,8.0,9.166666666666666,12.166666666666666,9.888866666666667,,0.11316259678379988
12,3,10,Kirstie Alley,Maksim Chmerkoskiy,Actor/Actress,Kansas,United States,60,7.666666666666667,6.666666666666667,7.0,7.333333333333333,7.666666666666667,8.666666666666666,7.5,8.833333333333334,9.0,9.3333,,0.18880285884455034
12,4,0,Hines Ward,Kym Johnson,Athlete,,South Korea,35,7.0,7.666666666666667,8.333333333333334,8.333333333333334,9.0,9.0,8.25,9.0,10.0,9.888866666666667,,0.11435378201310303
12,5,4,Sugar Ray Leonard,Anna Trebunskaya,Athlete,North Carolina,United States,54,5.666666666666667,5.666666666666667,6.666666666666667,7.0,,,,,,,,0.034544371649791544
12,6,6,Chris Jericho,Cheryl Burke,Athlete,New York,United States,40,6.333333333333333,7.666666666666667,7.0,7.666666666666667,8.666666666666666,7.333333333333333,,,,,,0.0273972602739726
12,7,5,Petra Nemcova,Dmitry Chaplin,Model,,Czechoslovakia,31,6.0,6.0,8.333333333333334,7.666666666666667,7.333333333333333,,,,,,,0.023228111971411555
12,8,2,Mike Catherwood,Lacey Schwimmer,Radio Personality,California,United States,32,4.333333333333333,5.666666666666667,,,,,,,,,,0.01429422275163788
12,9,8,Romeo,Chelsie Hightower,Singer/Rapper,Louisiana,United States,21,6.333333333333333,7.666666666666667,6.666666666666667,7.666666666666667,8.666666666666666,9.333333333333334,7.5,8.666666666666666,,,,0.41572364502680165
12,10,3,Wendy Williams,Tony Dovolani,TV Personality,New Jersey,United States,46,4.666666666666667,5.666666666666667,5.0,,,,,,,,,0.11375818939845146
12,11,7,Kendra Wilkinson,Louis van Amstel,TV Personality,California,United States,25,6.0,6.333333333333333,7.666666666666667,6.0,7.333333333333333,8.333333333333334,7.625,,,,,0.10125074449076832
13,1,2,Elisabetta Canalis,Valentin Chmerkovskiy,Actor/Actress,,Italy,33,5.0,7.0,,,,,,,,,,0.014402003757044458
13,2,7,David Arquette,Kym Johnson,Actor/Actress,Virginia,United States,40,6.0,6.0,8.0,7.666666666666667,8.333333333333334,7.666666666666667,7.833333333333333,,,,,0.052598622417031934
13,3,10,Ricki Lake,Derek Hough,Actor/Actress,New York,United States,42,6.666666666666667,7.666666666666667,9.0,9.666666666666666,8.0,9.666666666666666,8.833333333333334,8.666666666666666,11.166633333333332,9.3333,,0.048841577958672514
13,4,0,J.R. Martinez,Karina Smirnoff,Actor/Actress,Louisiana,United States,28,7.333333333333333,7.333333333333333,8.666666666666666,8.666666666666666,9.333333333333334,9.666666666666666,8.0,10.0,9.333333333333334,9.388833333333332,,0.029430181590482152
13,5,1,Metta World Peace (Ron),Peta Murgatroyd,Athlete,New York,United States,31,4.666666666666667,,,,,,,,,,,0.0006261740763932373
13,6,9,Hope Solo,Maksim Chmerkoskiy,Athlete,Washington,United States,30,7.0,6.333333333333333,8.0,8.0,8.0,6.666666666666667,8.333333333333334,8.666666666666666,8.1666,,,0.20037570444583594
13,7,4,Chynna Phillips,Tony Dovolani,Singer/Rapper,California,United States,43,7.333333333333333,7.0,8.666666666666666,7.0,,,,,,,,0.046963055729492796
13,8,3,Kristin Cavallari,Mark Ballas,TV Personality,Colorado,United States,24,6.333333333333333,7.333333333333333,8.0,,,,,,,,,0.08077645585472762
13,9,5,Carson Kressley,Anna Trebunskaya,TV Personality,Pennsylvania,United States,41,5.666666666666667,6.0,7.666666666666667,6.666666666666667,6.333333333333333,,,,,,,0.014003819223424575
13,10,6,Chaz Bono,Lacey Schwimmer,TV Personality,California,United States,42,5.666666666666667,5.666666666666667,6.0,7.0,7.0,6.333333333333333,,,,,,0.1527689369828135
13,11,8,Nancy Grace,Tristan MacManus,TV Personality,Georgia,United States,51,5.333333333333333,7.0,7.0,7.0,7.333333333333333,8.0,7.333333333333333,7.333333333333333,,,,0.32017823042647997
13,12,10,Rob Kardashian,Cheryl Burke,TV Personality,California,United States,24,5.333333333333333,7.0,8.0,8.0,8.333333333333334,7.333333333333333,8.5,8.5,10.833266666666667,9.4444,,0.0674729471674093
14,1,10,William Levy,Cheryl Burke,Actor/Actress,,Cuba,31,8.0,8.333333333333334,9.333333333333334,7.333333333333333,9.666666666666666,12.0,8.833333333333334,9.5,9.666666666666666,9.888866666666667,,0.26333789329685364
14,2,3,Jack Wagner,Anna Trebunskaya,Actor/Actress,Missouri,United States,52,7.666666666666667,7.0,8.0,,,,,,,,,0.05471956224350205
14,3,4,Sherri Sheperd,Valentin Chmerkovskiy,Actor/Actress,Illinois,United States,44,7.666666666666667,7.666666666666667,8.0,7.0,,,,,,,,0.0
14,4,7,Jaleel White,Kym Johnson,Actor/Actress,California,United States,35,8.666666666666666,7.333333333333333,8.333333333333334,7.333333333333333,8.0,12.333266666666667,8.5,,,,,0.07729138166894665
14,5,8,Roshon Fegan,Chelsie Hightower,Actor/Actress,California,United States,20,7.666666666666667,8.666666666666666,8.333333333333334,8.666666666666666,8.666666666666666,9.333266666666667,8.666666666666666,9.333333333333334,,,,0.043091655266757865
14,6,8,Melissa Gilbert,Maksim Chmerkoskiy,Actor/Actress,California,United States,47,6.666666666666667,6.666666666666667,8.0,7.333333333333333,7.0,10.0,7.833333333333333,8.5,,,,0.1429548563611491
14,7,2,Martina Navratilova,Tony Dovolani,Athlete,,Czechoslovakia,55,6.666666666666667,5.666666666666667,,,,,,,,,,0.03488372093023256
14,8,0,Donald Driver,Peta Murgatroyd,Athlete,Texas,United States,37,7.0,8.0,8.666666666666666,9.0,9.0,11.3333,8.833333333333334,9.166666666666666,9.5,9.888866666666667,,0.057455540355677154
14,9,5,Gavin DeGraw,Karina Smirnoff,Singer/Rapper,New York,United States,35,6.666666666666667,7.0,8.0,7.666666666666667,6.333333333333333,,,,,,,0.1121751025991792
14,10,6,Gladys Knight,Tristan MacManus,Singer/Rapper,Georgia,United States,67,7.666666666666667,6.333333333333333,8.0,6.666666666666667,7.333333333333333,8.0,,,,,,0.11627906976744186
14,11,10,Katherine Jenkins,Mark Ballas,Singer/Rapper,,Wales,31,8.666666666666666,8.666666666666666,9.666666666666666,8.0,9.666666666666666,12.999966666666666,9.0,9.166666666666666,9.333333333333334,10.0,,0.09233926128590972
14,12,9,Maria Menounos,Derek Hough,TV Personality,Massachusetts,United States,33,7.0,8.333333333333334,9.0,8.666666666666666,9.0,9.999966666666666,9.5,8.833333333333334,9.833333333333334,,,0.14227086183310533
15,1,8,Gilles Marini,Peta Murgatroyd,Actor/Actress,,France,36,8.0,8.5,8.5,9.875,9.416666666666666,9.166666666666666,11.1666,9.759233333333333,,,,0.041919470490899065
15,2,6,Sabrina Bryan,Louis van Amstel,Actor/Actress,California,United States,28,7.5,8.666666666666666,8.5,8.875,9.75,10.0,,,,,,0.04247104247104247
15,3,8,Kirstie Alley,Maksim Chmerkoskiy,Actor/Actress,Kansas,United States,61,6.333333333333333,7.0,8.0,7.5,8.75,9.166666666666666,9.3333,8.5,,,,0.09597352454495311
15,4,10,Kelly Monaco,Valentin Chmerkovskiy,Actor/Actress,Pennsylvania,United States,36,7.166666666666667,7.333333333333333,9.0,9.375,8.583333333333334,9.0,12.0,9.444433333333334,9.036999999999999,9.703633333333334,,0.20463320463320464
15,5,9,Apolo Anton Ohno,Karina Smirnoff,Athlete,Washington,United States,30,7.333333333333333,8.166666666666666,8.5,8.625,9.416666666666666,10.0,11.0,9.759233333333333,9.537,,,0.004964147821290678
15,6,9,Emmitt Smith,Cheryl Burke,Athlete,Florida,United States,43,8.166666666666666,7.5,8.333333333333334,9.0,9.333333333333334,8.833333333333334,11.499966666666666,9.685133333333333,9.0,,,0.057363485934914506
15,7,10,Shawn Johnson,Derek Hough,Athlete,Iowa,United States,20,7.333333333333333,8.333333333333334,8.833333333333334,9.875,9.416666666666666,9.333333333333334,12.6666,9.277766666666666,9.833333333333334,9.648100000000001,,0.13458356315499173
15,8,1,Pamela Anderson,Tristan MacManus,Model,,Canada,45,5.666666666666667,,,,,,,,,,,0.10369553226696084
15,9,3,Helio Castroneves,Chelsie Hightower,Racing Driver,,Brazil,37,7.166666666666667,7.666666666666667,8.5,,,,,,,,,0.00441257584114727
15,10,2,Joey Fatone,Kym Johnson,Singer/Rapper,New York,United States,35,6.833333333333333,7.5,,,,,,,,,,0.012134583563154992
15,11,3,Drew Lachey,Anna Trebunskaya,Singer/Rapper,Ohio,United States,36,7.166666666666667,7.5,8.0,,,,,,,,,0.015995587424158852
15,12,4,Bristol Palin,Mark Ballas,TV Personality,Alaska,United States,21,6.5,6.0,7.5,8.0,,,,,,,,0.0694980694980695
15,13,0,Melissa Rycroft,Tony Dovolani,TV Personality,Texas,United States,29,7.0,7.833333333333333,9.0,9.25,9.416666666666666,9.833333333333334,12.999966666666666,10.0,9.592566666666666,9.7777,,0.07115278543849972
16,1,9,Ingo Rademacher,Kym Johnson,Actor/Actress,,Germany,41,6.666666666666667,6.666666666666667,7.0,7.666666666666667,7.0,7.666666666666667,8.333333333333334,8.0,8.5,,,0.027106227106227107
16,2,10,Zendaya,Valentin Chmerkovskiy,Actor/Actress,California,United States,16,8.0,8.666666666666666,8.6666,8.666666666666666,9.666666666666666,8.5,10.0,9.666666666666666,9.166666666666666,10.0,,0.3172161172161172
16,3,2,Dorothy Hamill,Tristan MacManus,Athlete,Illinois,United States,56,7.0,5.0,,,,,,,,,,0.08278388278388278
16,4,6,Victor Ortiz,Lindsay Arnold,Athlete,Kansas,United States,26,6.0,6.0,7.666666666666667,6.0,7.0,6.666666666666667,,,,,,0.03076923076923077
16,5,10,Alexandra Raisman,Mark Ballas,Athlete,Massachusetts,United States,18,7.0,8.0,7.666666666666667,9.0,8.333333333333334,8.666666666666666,10.666666666666666,9.333333333333334,9.833333333333334,9.666666666666666,,0.011721611721611722
16,6,10,Jacoby Jones,Karina Smirnoff,Athlete,Louisiana,United States,28,6.666666666666667,7.666666666666667,8.6666,8.0,8.666666666666666,7.5,9.0,8.666666666666666,9.833333333333334,9.3333,,0.09157509157509157
16,7,5,D. L. Hughley,Cheryl Burke,Comedian,Virginia,United States,50,4.0,5.333333333333333,5.333333333333333,7.0,6.0,,,,,,,0.0
16,8,7,Andy Dick,Sharna Burgess,Comedian,South Carolina,United States,47,5.666666666666667,6.666666666666667,6.0,7.0,6.0,7.166666666666667,5.666666666666667,,,,,0.09597069597069598
16,9,3,Wynonna Judd,Tony Dovolani,Singer/Rapper,Kentucky,United States,48,6.0,6.0,5.0,,,,,,,,,0.035164835164835165
16,10,0,Kellie Pickler,Derek Hough,Singer/Rapper,North Carolina,United States,26,7.0,8.666666666666666,8.333333333333334,8.666666666666666,9.0,9.0,9.666666666666666,9.166666666666666,9.666666666666666,10.0,,0.2087912087912088
16,11,4,Lisa Vanderpump,Gleb Savchenko,TV Personality,,England,52,6.0,6.0,7.0,6.0,,,,,,,,0.12380952380952381
16,12,8,Sean Lowe,Peta Murgatroyd,TV Personality,Texas,United States,29,6.333333333333333,6.666666666666667,7.0,6.666666666666667,8.0,7.666666666666667,8.0,7.0,,,,0.16483516483516483
17,1,4,Valerie Harper,Tristan MacManus,Actor/Actress,New York,United States,74,7.0,6.333333333333333,5.333333333333333,6.0,,,,,,,,0.10065237651444547
17,2,8,Brant Daugherty,Peta Murgatroyd,Actor/Actress,Ohio,United States,28,7.333333333333333,7.666666666666667,9.0,7.0,9.0,10.333333333333334,9.5,9.0,,,,0.07735321528424977
17,3,9,Elizabeth Berkley Lauren,Valentin Chmerkovskiy,Actor/Actress,Michigan,United States,39,8.0,8.333333333333334,8.333333333333334,9.0,8.666666666666666,10.6666,9.0,8.333333333333334,9.333333333333334,,,0.003727865796831314
17,4,10,Leah Remini,Tony Dovolani,Actor/Actress,New York,United States,43,7.0,8.0,8.0,8.0,7.333333333333333,9.3333,8.833333333333334,9.333333333333334,9.0,8.125,,0.13140726933830382
17,5,11,Corbin Bleu,Karina Smirnoff,Actor/Actress,New York,United States,24,8.0,8.666666666666666,8.666666666666666,9.0,9.333333333333334,8.999966666666666,9.833333333333334,10.0,9.666666666666666,9.375,9.8888,0.11742777260018639
17,6,0,Amber Riley,Derek Hough,Actor/Actress,California,United States,27,9.0,8.0,8.0,9.0,8.666666666666666,10.666633333333332,9.833333333333334,9.333333333333334,8.5,9.875,10.4444,0.07269338303821063
17,7,2,Keyshawn Johnson,Sharna Burgess,Athlete,California,United States,41,5.666666666666667,6.0,,,,,,,,,,0.022367194780987885
17,8,11,Bill Engvall,Emma Slater,Comedian,Texas,United States,56,6.0,7.0,8.0,7.0,8.0,7.9999666666666664,8.333333333333334,8.0,7.0,7.5,8.499966666666666,0.048462255358807084
17,9,5,Christina Milian,Mark Ballas,Singer/Rapper,New Jersey,United States,31,7.333333333333333,8.333333333333334,8.666666666666666,8.0,9.333333333333334,,,,,,,0.14165890027958994
17,10,7,"Nicole ""Snooki"" Polizzi",Sasha Farber,TV Personality,,Chile,25,7.666666666666667,6.666666666666667,8.333333333333334,8.0,9.0,10.0,9.0,,,,,0.0
17,11,11,Jack Osbourne,Cheryl Burke,TV Personality,,England,27,7.666666666666667,8.0,7.333333333333333,8.0,9.0,8.999933333333333,9.5,10.0,9.0,8.875,9.3333,0.045666356011183594
17,12,3,Bill Nye,Tyne Stecklein,TV Personality,Washington D.C.,United States,57,4.666666666666667,5.666666666666667,5.333333333333333,,,,,,,,,0.24697110904007455
18,1,2,Billy Dee Williams,Emma Slater,Actor/Actress,New York,United States,76,5.0,5.0,,,,,,,,,,0.05518945634266886
18,2,8,Danica McKellar,Valentin Chmerkovskiy,Actor/Actress,California,United States,39,8.0,8.0,9.0,8.0,9.75,9.0,9.0,9.5,,,,0.13509060955518945
18,3,10,James Maslow,Peta Murgatroyd,Actor/Actress,New York,United States,23,7.0,8.333333333333334,9.0,8.75,10.0,8.75,8.75,9.0,9.5,9.666666666666666,,0.15321252059308071
18,4,10,Candace Cameron Bure,Mark Ballas,Actor/Actress,California,United States,37,8.333333333333334,7.0,8.0,7.0,8.75,8.0,9.25,9.0,9.0,8.6666,,0.03130148270181219
18,5,2,Sean Avery,Karina Smirnoff,Athlete,,Canada,33,6.666666666666667,7.0,,,,,,,,,,0.028830313014827018
18,6,1,Diana Nyad,Henry Byalikov,Athlete,New York,United States,64,6.0,,,,,,,,,,,0.022240527182866558
18,7,9,Charlie White,Sharna Burgess,Athlete,Michigan,United States,26,9.0,8.333333333333334,9.0,8.25,9.25,9.0,8.875,10.0,9.5,,,0.0757825370675453
18,8,10,Amy Purdy,Derek Hough,Athlete,Nevada,United States,34,8.0,8.0,9.0,8.5,9.25,9.5,9.375,10.0,9.75,9.888866666666667,,0.15815485996705106
18,9,0,Meryl Davis,Maksim Chmerkoskiy,Athlete,Michigan,United States,27,8.0,8.333333333333334,9.75,9.75,9.0,10.0,9.75,9.0,10.0,10.0,,0.14991762767710048
18,10,6,Drew Carey,Cheryl Burke,Comedian,Ohio,United States,55,7.0,7.0,7.5,8.25,7.0,8.0,,,,,,0.09884678747940692
18,11,5,Cody Simpson,Witney Carson,Singer/Rapper,,Australia,17,7.333333333333333,7.333333333333333,8.75,7.75,8.5,,,,,,,0.17215815485996705
18,12,7,NeNe Leakes,Tony Dovolani,TV Personality,New York,United States,46,7.0,7.0,7.75,8.0,9.0,8.25,8.25,,,,,0.17627677100494235
19,1,7,Antonio Sabato Jr.,Cheryl Burke,Actor/Actress,,Italy,42,6.25,7.75,7.25,7.25,7.0,7.0,7.375,,,,,0.0
19,2,6,Jonathan Bennett,Allison Holker,Actor/Actress,Ohio,United States,33,7.5,7.5,8.0,6.0,6.0,8.0,,,,,,0.04308617234468938
19,3,9,Lea Thompson,Artem Chigvintsev,Actor/Actress,Minnesota,United States,53,8.0,8.75,7.75,9.75,8.5,8.0,8.75,8.0,8.75,,,0.09619238476953908
19,4,11,Janel Parrish,Valentin Chmerkovskiy,Actor/Actress,Hawaii,United States,25,7.25,8.5,10.0,9.0,8.25,8.25,8.375,10.75,9.625,9.75,9.749950000000002,0.08817635270541083
19,5,0,Alfonso Ribeiro,Witney Carson,Actor/Actress,New York,United States,42,9.0,8.0,8.0,10.0,8.5,9.75,8.5,10.25,9.625,9.375,10.0,0.10420841683366733
19,6,1,Lolo Jones,Keo Motsepe,Athlete,Iowa,United States,32,5.5,,,,,,,,,,,0.047094188376753505
19,7,3,Randy Couture,Karina Smirnoff,Athlete,Washington,United States,51,7.75,7.0,6.5,,,,,,,,,0.01903807615230461
19,8,10,Tommy Chong,Peta Murgatroyd,Comedian,,Canada,76,6.75,7.0,8.5,7.0,5.75,7.0,7.5,7.25,7.125,7.75,,0.11022044088176353
19,9,4,Betsey Johnson,Tony Dovolani,Fashion Designer,Connecticut,United States,72,5.0,7.0,7.25,7.25,,,,,,,,0.11322645290581163
19,10,8,Michael Waltrip,Emma Slater,Racing Driver,Kentucky,United States,51,6.25,6.0,7.0,6.25,5.0,7.5,7.0,6.25,,,,0.031062124248496994
19,11,2,Tavis Smiley,Sharna Burgess,Radio Personality,Mississippi,United States,50,7.25,7.0,,,,,,,,,,0.014028056112224449
19,12,11,Bethany Mota,Derek Hough,Social Media Personality,California,United States,18,8.0,8.25,10.0,8.25,8.0,9.0,9.375,10.0,9.25,9.5,9.5,0.20040080160320642
19,13,11,Sadie Robertson,Mark Ballas,TV Personality,Louisiana,United States,17,8.5,7.75,8.0,9.25,9.0,8.75,7.75,9.5,9.125,9.25,9.833300000000001,0.20841683366733466
20,1,5,Suzanne Somers,Tony Dovolani,Actor/Actress,California,United States,68,6.25,7.0,6.25,7.0,7.0,,,,,,,0.10855949895615867
20,2,7,Willow Shields,Mark Ballas,Actor/Actress,New Mexico,United States,14,6.25,8.0,8.0,9.75,8.5,9.125,9.75,,,,,0.08350730688935282
20,3,10,Riker Lynch,Allison Holker,Actor/Actress,Colorado,United States,23,7.75,8.0,8.5,8.5,9.5,9.5,9.25,9.75,10.0,10.0,,0.11064718162839249
20,4,0,Rumer Willis,Valentin Chmerkovskiy,Actor/Actress,Kentucky,United States,26,8.0,8.0,8.25,8.75,9.75,8.875,9.25,10.0,9.75,10.0,,0.20737647877522616
20,5,9,Nastia Liukin,Derek Hough,Athlete,,Russia,25,7.5,8.5,8.5,9.0,9.5,9.125,10.25,9.5,10.0,,,0.05775922059846903
20,6,4,Michael Sam,Peta Murgatroyd,Athlete,Texas,United States,25,6.5,7.0,6.0,7.5,,,,,,,,0.05636743215031315
20,7,8,Robert Herjavec,Kym Johnson,Entrepreneur,,Croatia,52,7.0,7.0,7.25,8.5,6.0,8.375,7.75,7.75,,,,0.13430758524704245
20,8,3,Charlotte McKinney,Keo Motsepe,Model,Florida,United States,21,5.5,6.5,5.5,,,,,,,,,0.19485038274182323
20,9,10,Noah Galloway,Sharna Burgess,Motivational Speaker,Alabama,United States,33,6.5,6.75,7.5,8.0,7.0,8.5,9.5,7.875,9.5,9.0,,0.08002783576896312
20,10,2,Redfoo,Emma Slater,Singer/Rapper,California,United States,39,5.5,7.75,,,,,,,,,,0.03479471120389701
20,11,6,Patti LaBelle,Artem Chigvintsev,Singer/Rapper,Pennsylvania,United States,70,6.25,7.0,5.5,7.5,6.75,8.5,,,,,,0.12038970076548365
20,12,8,Chris Soules,Witney Carson,TV Personality,Iowa,United States,33,6.5,5.25,7.0,6.75,6.75,8.75,7.75,8.0,,,,0.1419624217118998
21,1,4,Gary Busey,Anna Trebunskaya,Actor/Actress,Texas,United States,71,5.0,5.5,6.25,5.333333333333333,,,,,,,,0.15422077922077923
21,2,9,Alexa PenaVega,Mark Ballas,Actor/Actress,Florida,United States,27,7.333333333333333,7.666666666666667,9.0,7.0,10.0,7.5,9.166666666666666,8.999933333333333,10.0,,,0.04626623376623377
21,3,11,Carlos PenaVega,Witney Carson,Actor/Actress,Missouri,United States,26,7.666666666666667,7.5,7.75,8.333333333333334,9.75,9.5,9.333333333333334,9.6666,9.0,10.5,10.0,0.04626623376623377
21,4,2,Victor Espinoza,Karina Smirnoff,Athlete,,Mexico,43,5.0,6.166666666666667,,,,,,,,,,0.011363636363636364
21,5,11,Alek Skarlatos,Lindsay Arnold,Military,California,United States,22,7.333333333333333,7.5,8.25,8.0,7.25,7.5,8.833333333333334,8.333333333333334,8.5,9.5,9.3333,0.04220779220779221
21,6,2,Chaka Khan,Keo Motsepe,Singer/Rapper,Illinois,United States,62,4.333333333333333,5.0,,,,,,,,,,0.05032467532467533
21,7,8,Andy Grammer,Allison Holker,Singer/Rapper,California,United States,31,7.0,7.333333333333333,7.25,7.666666666666667,9.0,10.0,9.333333333333334,7.999933333333334,,,,0.11038961038961038
21,8,9,Tamar Braxton,Valentin Chmerkovskiy,Singer/Rapper,Maryland,United States,38,7.666666666666667,8.166666666666666,8.25,9.0,7.25,10.0,9.0,9.333333333333334,8.166666666666666,,,0.18262987012987014
21,9,11,Nick Carter,Sharna Burgess,Singer/Rapper,New York,United States,35,8.0,7.5,9.0,9.0,8.75,9.75,9.0,11.0,9.166666666666666,9.0,10.0,0.12743506493506493
21,10,7,Hayes Grier,Emma Slater,Social Media Personality,North Carolina,United States,15,7.0,7.5,7.5,9.0,7.5,8.0,9.333333333333334,,,,,0.1452922077922078
21,11,0,Bindi Irwin,Derek Hough,TV Personality,,Australia,17,8.0,8.0,8.0,9.333333333333334,9.25,10.0,9.666666666666666,9.333333333333334,10.0,10.5,10.0,0.28084415584415584
21,12,2,Kim Zolciak-Biermann,Tony Dovolani,TV Personality,Florida,United States,37,4.0,6.166666666666667,,,,,,,,,,0.0016233766233766235
21,13,6,Paula Deen,Louis van Amstel,TV Personality,Georgia,United States,68,5.0,6.166666666666667,5.0,6.0,6.5,6.0,,,,,,0.28733766233766234
22,1,3,Mischa Barton,Artem Chigvintsev,Actor/Actress,,England,30,5.333333333333333,5.0,6.0,,,,,,,,,0.10815450643776824
22,2,7,Kim Fields,Sasha Farber,Actor/Actress,New York,United States,46,6.666666666666667,6.333333333333333,7.333333333333333,8.0,7.0,8.0,8.666666666666666,,,,,0.12017167381974249
22,3,8,Jodie Sweetin,Keo Motsepe,Actor/Actress,California,United States,34,6.666666666666667,7.0,7.666666666666667,6.75,8.75,8.333333333333334,8.5,10.0,,,,0.16909871244635194
22,4,6,Doug Flutie,Karina Smirnoff,Athlete,Maryland,United States,53,5.0,6.666666666666667,6.666666666666667,6.0,7.0,7.0,,,,,,0.07982832618025751
22,5,7,Von Miller,Witney Carson,Athlete,Texas,United States,27,7.0,6.666666666666667,6.666666666666667,8.0,7.25,8.0,8.666666666666666,,,,,0.11587982832618025
22,6,9,Antonio Brown,Sharna Burgess,Athlete,Florida,United States,27,7.0,6.333333333333333,6.666666666666667,8.75,6.5,9.0,8.666666666666666,9.0,9.166666666666666,,,0.13047210300429185
22,7,10,Paige VanZant,Mark Ballas,Athlete,Oregon,United States,22,7.0,8.0,7.666666666666667,9.0,7.75,9.333333333333334,9.166666666666666,9.333333333333334,9.833333333333334,9.888866666666667,,0.15622317596566523
22,8,2,Geraldo Rivera,Edyta Sliwinska,Journalist,New York,United States,72,4.333333333333333,4.333333333333333,,,,,,,,,,0.05236051502145923
22,9,0,Nyle DiMarco,Peta Murgatroyd,Model,New York,United States,26,7.666666666666667,6.666666666666667,8.333333333333334,8.5,9.25,8.333333333333334,9.333333333333334,9.666666666666666,9.5,9.6666,,0.13078797725426483
22,10,10,Ginger Zee,Valentin Chmerkovskiy,News Anchor,California,United States,35,7.666666666666667,7.0,7.0,9.0,8.0,8.0,9.166666666666666,10.0,9.333333333333334,9.4444,,0.11535337124289195
22,11,9,Wanya Morris,Lindsay Arnold,Singer/Rapper,Pennsylvania,United States,42,7.666666666666667,8.0,8.0,8.75,7.5,9.666666666666666,9.166666666666666,8.333333333333334,10.0,,,0.021933387489845652
22,12,4,Marla Maples,Tony Dovolani,TV Personality,Georgia,United States,52,7.0,6.666666666666667,7.0,7.0,,,,,,,,0.1543460601137287
23,1,2,Jake T. Austin,Jenna Johnson,Actor/Actress,New York,United States,21,5.5,6.0,,,,,,,,,,0.0
23,2,7,Maureen McCormick,Artem Chigvintsev,Actor/Actress,California,United States,60,5.5,6.5,7.0,8.0,8.0,7.75,8.25,,,,,0.0998185117967332
23,3,9,Marilu Henner,Derek Hough,Actor/Actress,Illinois,United States,64,6.75,6.75,7.0,7.0,9.0,8.5,8.0,7.666666666666667,9.0,,,0.05807622504537205
23,4,8,Ryan Lochte,Cheryl Burke,Athlete,New York,United States,32,6.0,6.0,6.25,7.333333333333333,8.0,7.5,8.25,8.666666666666666,,,,0.27223230490018147
23,5,11,Calvin Johnson Jr.,Lindsay Arnold,Athlete,Georgia,United States,30,6.5,7.0,8.0,7.666666666666667,8.0,9.25,9.25,10.0,9.25,9.333333333333334,9.583275,0.0
23,6,0,Laurie Hernandez,Valentin Chmerkovskiy,Athlete,New Jersey,United States,16,7.75,8.0,7.75,10.0,8.333333333333334,9.25,8.625,11.0,10.0,10.0,9.833300000000001,0.06896551724137931
23,7,6,Amber Rose,Maksim Chmerkoskiy,Model,Pennsylvania,United States,32,6.0,6.0,6.25,8.0,8.0,7.0,,,,,,0.3956442831215971
23,8,3,Rick Perry,Emma Slater,Politician,Texas,United States,66,5.0,5.5,5.75,,,,,,,,,0.021778584392014518
23,9,11,James Hinchcliffe,Sharna Burgess,Racing Driver,,Canada,29,7.75,7.25,7.25,9.333333333333334,9.666666666666666,9.5,9.25,11.6666,9.0,9.833333333333334,9.74995,0.030852994555353903
23,10,4,Babyface,Allison Holker,Singer/Rapper,Indiana,United States,57,6.5,7.5,6.25,6.0,,,,,,,,0.02722323049001815
23,11,4,Vanilla Ice,Witney Carson,Singer/Rapper,Texas,United States,48,6.25,6.5,5.75,7.666666666666667,,,,,,,,0.1705989110707804
23,12,11,Jana Kramer,Gleb Savchenko,Singer/Rapper,Michigan,United States,32,6.75,7.25,6.5,7.666666666666667,8.666666666666666,10.0,8.625,10.0,10.0,9.666666666666666,8.875,0.2631578947368421
23,13,10,Terra Jole,Sasha Farber,TV Personality,Texas,United States,36,6.25,7.75,7.5,8.333333333333334,9.0,7.5,8.625,8.0,9.5,10.0,,0.04900181488203267
24,1,3,Charo,Keo Motsepe,Actor/Actress,,Spain,66,5.25,6.25,6.0,,,,,,,,,0.27328556806550663
24,2,4,Mr. T,Kym Herjavec,Actor/Actress,Illinois,United States,64,5.0,5.5,6.0,7.0,,,,,,,,0.0368474923234391
24,3,6,Heather Morris,Maksim Chmerkoskiy,Actor/Actress,California,United States,30,7.0,7.5,8.25,8.75,8.5,9.25,,,,,,0.07471852610030706
24,4,7,Nancy Kerrigan,Artem Chigvintsev,Athlete,Massachusetts,United States,47,7.0,7.0,8.25,8.25,9.0,8.375,9.0,,,,,0.14431934493346982
24,5,8,Bonner Bolton,Sharna Burgess,Athlete,Texas,United States,29,5.5,7.0,6.0,8.0,7.5,7.875,7.75,7.25,,,,0.11569416498993963
24,6,9,Simone Biles,Sasha Farber,Athlete,Ohio,United States,20,8.0,7.25,8.0,9.0,9.5,8.625,9.75,9.0,10.0,,,0.1549295774647887
24,7,10,David Ross,Lindsay Arnold,Athlete,Georgia,United States,40,7.0,6.75,7.75,7.75,7.25,7.75,8.0,8.125,8.75,9.083325,,0.15492957746478872
24,8,0,Rashad Jennings,Emma Slater,Athlete,Virginia,United States,32,7.75,8.0,7.0,9.75,8.0,8.75,9.75,9.375,9.625,9.91665,,0.10462776659959758
24,9,2,Chris Kattan,Witney Carson,Comedian,California,United States,46,4.25,5.5,,,,,,,,,,0.0744466800804829
24,10,5,Erika Jayne,Gleb Savchenko,Singer/Rapper,Georgia,United States,45,6.0,7.0,6.5,7.5,8.0,,,,,,,0.1317907444668008
24,11,10,Normani,Valentin Chmerkovskiy,Singer/Rapper,Georgia,United States,20,6.75,8.0,8.5,8.0,9.75,9.0,10.5,9.875,9.5,9.833300000000001,,0.10362173038229376
24,12,7,Nick Viall,Peta Murgatroyd,TV Personality,Wisconsin,United States,36,6.0,6.25,6.5,7.5,8.5,7.625,8.5,,,,,0.1016096579476861
25,1,5,Sasha Pieterse,Gleb Savchenko,Actor/Actress,,South Africa,21,6.0,7.5,6.333333333333333,8.0,8.0,,,,,,,0.08515625
25,2,10,Frankie Muniz,Witney Carson,Actor/Actress,New Jersey,United States,31,6.333333333333333,8.0,7.0,8.0,9.666666666666666,7.75,10.0,8.833333333333334,8.5,9.722175,,0.2234375
25,3,0,Jordan Fisher,Lindsay Arnold,Actor/Actress,Alabama,United States,23,7.333333333333333,8.0,8.333333333333334,9.666666666666666,10.0,9.75,9.0,10.0,9.666666666666666,10.0,,0.18359375
25,4,4,Derek Fisher,Sharna Burgess,Athlete,Arkansas,United States,43,6.0,6.333333333333333,7.0,7.666666666666667,,,,,,,,0.040625
25,5,7,Nikki Bella,Artem Chigvintsev,Athlete,California,United States,33,6.666666666666667,6.5,7.0,8.0,9.0,9.0,8.0,,,,,0.1546875
25,6,8,Terrell Owens,Cheryl Burke,Athlete,Alabama,United States,43,5.0,6.5,7.0,8.0,8.333333333333334,9.25,8.166666666666666,8.5,,,,0.0796875
25,7,9,Victoria Arlen,Valentin Chmerkovskiy,Athlete,New Hamshire,United States,22,6.333333333333333,7.333333333333333,7.333333333333333,9.0,9.0,7.75,9.5,8.0,9.333333333333334,,,0.08828125
25,8,2,Barbara Corcoran,Keo Motsepe,Entrepreneur,New Jersey,United States,68,4.666666666666667,5.666666666666667,,,,,,,,,,0.05703125
25,9,10,Lindsey Stirling,Mark Ballas,Musician,California,United States,31,7.333333333333333,7.5,9.0,8.666666666666666,9.333333333333334,10.0,8.5,9.0,9.5,10.0,,0.20078125
25,10,2,Debbie Gibson,Alan Bersten,Singer/Rapper,New York,United States,47,5.666666666666667,6.833333333333333,,,,,,,,,,0.09921875
25,11,6,Nick Lachey,Peta Murgatroyd,Singer/Rapper,Kentucky,United States,43,6.0,6.333333333333333,7.0,7.333333333333333,7.333333333333333,6.5,,,,,,0.0953125
25,12,10,Drew Scott,Emma Slater,TV Personality,,Canada,39,5.333333333333333,6.833333333333333,7.666666666666667,8.0,8.333333333333334,7.5,9.5,7.833333333333333,8.0,9.375,,0.07421875
25,13,7,Vanessa Lachey,Maksim Chmerkoskiy,TV Personality,,Philippines,36,7.0,7.833333333333333,7.666666666666667,8.0,8.0,9.0,9.0,,,,,0.08571428571428572
26,1,1,Jamie Anderson,Artem Chigvintsev,Athlete,California,United States,27,6.333333333333333,,,,,,,,,,,0.017977528089887642
26,2,1,Johnny Damon,Emma Slater,Athlete,Kansas,United States,44,6.0,,,,,,,,,,,0.056179775280898875
26,3,2,Kareem Abdul-Jabbar,Lindsay Arnold,Athlete,New York,United States,71,5.666666666666667,7.375,,,,,,,,,,0.017977528089887642
26,4,2,Arike Ogunbowale,Gleb Savchenko,Athlete,Wisconsin,United States,21,6.666666666666667,8.75,,,,,,,,,,0.01348314606741573
26,5,3,Jennie Finch Daigle,Keo Motsepe,Athlete,California,United States,37,7.0,7.875,7.25,,,,,,,,,0.007228915662650603
26,6,3,Chris Mazdzer,Witney Carson,Athlete,Massachusetts,United States,29,7.0,8.25,8.25,,,,,,,,,0.03132530120481928
26,7,3,Mirai Nagasu,Alan Bersten,Athlete,California,United States,25,7.666666666666667,9.25,8.75,,,,,,,,,0.03373493975903615
26,8,4,Tonya Harding,Sasha Farber,Athlete,Oregon,United States,47,7.666666666666667,8.25,8.75,9.333333333333334,,,,,,,,0.5566265060240964
26,9,4,Josh Norman,Sharna Burgess,Athlete,South Carolina,United States,30,8.0,7.875,9.5,9.5,,,,,,,,0.09887640449438202
26,10,0,Adam Rippon,Jenna Johnson,Athlete,Pennsylvania,United States,28,8.0,9.25,10.25,9.666666666666666,,,,,,,,0.0898876404494382
27,1,8,Juan Pablo Di Pace,Cheryl Burke,Actor/Actress,,Argentina,39,7.333333333333333,8.666666666666666,10.0,8.0,9.666666666666666,10.0,9.333333333333334,10.0,,,,0.023872679045092837
27,2,9,Evanna Lynch,Keo Motsepe,Actor/Actress,,Ireland,27,6.0,8.0,9.0,8.0,8.0,9.666666666666666,9.833333333333334,9.666666666666666,10.0,,,0.038903625110521665
27,3,3,Nancy McKeon,Valentin Chmerkovskiy,Actor/Actress,New York,United States,52,6.5,6.833333333333333,7.333333333333333,,,,,,,,,0.053934571175950484
27,4,7,John Schneider,Emma Slater,Actor/Actress,New York,United States,58,6.0,7.166666666666667,7.0,7.0,8.0,6.333333333333333,9.0,,,,,0.10963748894783377
27,5,9,Milo Manheim,Witney Carson,Actor/Actress,California,United States,17,6.666666666666667,8.666666666666666,9.0,9.666666666666666,9.0,10.0,9.666666666666666,9.166666666666666,10.0,,,0.09814323607427056
27,6,2,Danelle Umstead,Artem Chigvintsev,Athlete,New Mexico,United States,46,6.0,6.166666666666667,,,,,,,,,,0.016799292661361626
27,7,6,Mary Lou Retton,Sasha Farber,Athlete,West Virginia,United States,50,6.666666666666667,7.666666666666667,8.0,8.666666666666666,8.333333333333334,8.0,,,,,,0.1246684350132626
27,8,7,DeMarcus Ware,Lindsay Arnold,Athlete,Alabama,United States,36,7.666666666666667,7.833333333333333,8.666666666666666,7.333333333333333,8.666666666666666,8.666666666666666,8.833333333333334,,,,,0.05305039787798409
27,9,1,Nikki Glaser,Gleb Savchenko,Comedian,Ohio,United States,34,5.833333333333333,,,,,,,,,,,0.10256410256410256
27,10,0,Bobby Bones,Sharna Burgess,Radio Personality,Arkansas,United States,38,6.666666666666667,6.5,7.666666666666667,6.666666666666667,7.0,7.333333333333333,8.833333333333334,7.5,9.0,,,0.19363395225464192
27,11,4,Tinashe,Brandon Armstrong,Singer/Rapper,Kentucky,United States,25,7.666666666666667,8.666666666666666,9.0,8.666666666666666,,,,,,,,0.06984969053934571
27,12,9,Alexis Ren,Alan Bersten,Social Media Personality,California,United States,21,7.333333333333333,8.166666666666666,8.666666666666666,8.333333333333334,9.666666666666666,9.0,9.166666666666666,9.666666666666666,9.5,,,0.17771883289124668
27,13,8,Joe Amabile,Jenna Johnson,TV Personality,Illinois,United States,32,4.666666666666667,5.833333333333333,6.0,5.0,5.666666666666667,7.333333333333333,7.833333333333333,7.666666666666667,,,,0.013262599469496022
28,1,8,Kate Flannery,Pasha Pashkov,Actor/Actress,Pennsylvania,United States,55,5.0,7.0,8.0,6.5,8.0,9.0,8.0,8.6666,,,,0.058935361216730035
28,2,10,James Van Der Beek,Emma Slater,Actor/Actress,Connecticut,United States,42,7.0,6.666666666666667,7.666666666666667,7.0,8.666666666666666,9.0,9.0,10.6666,9.0,8.5,,0.188212927756654
28,3,11,Kel Mitchell,Witney Carson,Actor/Actress,Illinois,United States,41,5.333333333333333,6.666666666666667,6.666666666666667,8.0,8.666666666666666,8.666666666666666,8.5,9.999933333333333,9.25,9.5,9.833333333333334,0.07319391634980989
28,4,2,Ray Lewis,Cheryl Burke,Athlete,Florida,United States,44,5.0,5.0,,,,,,,,,,0.12262357414448669
28,5,4,Lamar Odom,Peta Murgatroyd,Athlete,New York,United States,39,3.6666666666666665,4.0,4.0,5.0,,,,,,,,0.15304182509505704
28,6,6,Sailor Brinkley-Cook,Valentin Chmerkovskiy,Model,New York,United States,21,6.0,6.0,7.666666666666667,7.75,8.0,9.0,,,,,,0.0019011406844106464
28,7,9,Sean Spicer,Lindsay Arnold,Politician,New York,United States,48,4.0,5.333333333333333,5.0,5.25,6.333333333333333,7.0,7.0,6.666666666666667,6.25,,,0.20912547528517111
28,8,2,Mary Wilson,Brandon Armstrong,Singer/Rapper,Nevada,United States,75,5.666666666666667,5.0,,,,,,,,,,0.039923954372623575
28,9,11,Lauren Alaina,Gleb Savchenko,Singer/Rapper,Georgia,United States,24,6.333333333333333,6.333333333333333,6.666666666666667,8.0,7.666666666666667,8.666666666666666,9.0,8.0,8.75,9.0,9.5,0.1397338403041825
28,10,11,Ally Brooke,Sasha Farber,Singer/Rapper,Texas,United States,26,5.333333333333333,6.666666666666667,8.0,8.0,9.0,8.333333333333334,9.0,10.0,10.0,9.833333333333334,10.0,0.09600760456273764
28,11,7,Karamo Brown,Jenna Johnson,TV Personality,Texas,United States,38,5.666666666666667,6.333333333333333,5.333333333333333,7.0,7.0,8.333333333333334,8.166666666666666,,,,,0.04277566539923954
28,12,0,Hannah Brown,Alan Bersten,TV Personality,Alabama,United States,24,6.666666666666667,8.0,7.0,8.0,8.333333333333334,8.0,8.666666666666666,10.333266666666667,8.875,9.0,9.666666666666666,0.282319391634981
29,1,4,Anne Heche,Keo Motsepe,Actor/Actress,Ohio,United States,51,6.0,6.0,5.0,7.0,,,,,,,,0.12169312169312169
29,2,5,Jesse Metcalfe,Sharna Burgess,Actor/Actress,California,United States,41,6.0,6.666666666666667,6.666666666666667,7.0,6.333333333333333,,,,,,,0.08571428571428572
29,3,8,Chrishell Stause,Gleb Savchenko,Actor/Actress,Kentucky,United States,39,4.333333333333333,6.0,7.333333333333333,7.333333333333333,6.333333333333333,8.0,8.666666666666666,9.0,,,,0.13227513227513227
29,4,10,Skai Jackson,Alan Bersten,Actor/Actress,New York,United States,18,7.0,5.0,6.0,9.333333333333334,8.0,6.0,9.0,8.999933333333333,9.6666,9.5,,0.2275132275132275
29,5,11,Justina Machado,Sasha Farber,Actor/Actress,Illinois,United States,48,7.0,7.0,6.333333333333333,8.0,8.0,9.0,8.666666666666666,9.6666,8.6666,9.666666666666666,10.0,0.0455026455026455
29,6,2,Charles Oakley,Emma Slater,Athlete,Ohio,United States,56,4.0,5.0,,,,,,,,,,0.037037037037037035
29,7,6,Veron Davis,Peta Murgatroyd,Athlete,Washington D.C.,United States,36,5.666666666666667,6.0,7.333333333333333,7.333333333333333,7.0,7.0,,,,,,0.0
29,8,10,Johnny Weir,Britt Stewart,Athlete,Pennsylvania,United States,36,6.0,6.0,8.0,8.0,9.666666666666666,7.333333333333333,9.0,10.0,10.0,9.5,,0.04973544973544974
29,9,11,Nev Schulman,Jenna Johnson,Producer,New York,United States,35,6.666666666666667,7.0,8.0,8.0,8.666666666666666,8.666666666666666,10.0,10.0,9.6666,10.0,10.0,0.04338624338624339
29,10,9,AJ McLean,Cheryl Burke,Singer/Rapper,Florida,United States,42,6.0,6.333333333333333,7.0,8.0,8.0,9.0,8.666666666666666,9.0,8.333266666666667,,,0.02433862433862434
29,11,11,Nelly,Daniella Karagach,Singer/Rapper,Texas,United States,45,5.333333333333333,6.0,6.0,7.0,8.0,8.0,9.0,8.0,8.0,9.333333333333334,9.5,0.326984126984127
29,12,0,Kaitlyn Bristowe,Artem Chigvintsev,TV Personality,,Canada,35,6.666666666666667,7.333333333333333,7.666666666666667,8.333333333333334,9.0,9.0,8.0,9.333333333333334,10.0,10.0,10.0,0.07407407407407407
29,13,3,Carole Baskin,Pasha Pashkov,TV Personality,Texas,United States,59,3.6666666666666665,5.333333333333333,4.0,,,,,,,,,0.291005291005291
29,14,7,Monica Aldama,Valentin Chmerkovskiy,TV Personality,Alabama,United States,48,6.333333333333333,5.333333333333333,7.0,8.0,8.666666666666666,9.0,7.333333333333333,,,,,0.031746031746031744
29,15,7,Jeannie Mai,Brandon Armstrong,TV Personality,California,United States,41,6.0,6.0,7.333333333333333,7.0,8.0,8.333333333333334,8.333333333333334,,,,,0.15555555555555556
30,1,2,Martin Kove,Britt Stewart,Actor/Actress,New York,United States,75,3.25,3.75,,,,,,,,,,0.033165829145728645
30,2,4,Brian Austin Green,Sharna Burgess,Actor/Actress,California,United States,48,6.0,5.75,6.333333333333333,6.5,,,,,,,,0.1135678391959799
30,3,9,Melora Hardin,Artem Chigvintsev,Actor/Actress,Texas,United States,54,6.5,6.75,7.666666666666667,9.125,9.0,8.5,9.5,10.5,9.0,,,0.0964824120603015
30,4,4,Matt James,Lindsay Arnold,Athlete,North Carolina,United States,29,6.0,5.5,6.666666666666667,7.125,,,,,,,,0.08844221105527639
30,5,7,"Mike ""The Miz"" Mizanin",Witney Carson,Athlete,Ohio,United States,40,6.0,6.5,7.333333333333333,8.125,8.0,8.5,8.0,,,,,0.0
30,6,9,Suni Lee,Sasha Farber,Athlete,Minnesota,United States,18,7.0,7.0,7.0,8.5,9.0,9.0,8.5,10.5,9.375,,,0.08944723618090453
30,7,0,Iman Shumpert,Daniella Karagach,Athlete,Illinois,United States,31,5.25,6.25,6.333333333333333,7.875,7.0,10.0,8.5,8.75,9.375,10.0,,0.12964824120603016
30,8,10,Cody Rigsby,Cheryl Burke,Fitness Instructor,California,United States,34,6.0,6.0,6.0,7.25,8.0,9.0,9.0,9.5,8.875,9.5,,0.10452261306532663
30,9,5,Melanie C,Gleb Savchenko,Singer/Rapper,,England,47,6.75,7.5,7.333333333333333,8.25,9.0,,,,,,,0.020100502512562814
30,10,8,Jimmie Allen,Emma Slater,Singer/Rapper,Delaware,United States,36,5.5,6.75,6.666666666666667,8.125,8.5,9.5,9.5,8.0,,,,0.13869346733668342
30,11,8,Olivia Jade,Valentin Chmerkovskiy,Social Media Personality,California,United States,21,6.25,6.75,8.0,8.75,9.0,9.0,10.5,9.0,,,,0.16683417085427135
30,12,10,JoJo Siwa,Jenna Johnson,Social Media Personality,Nebraska,United States,18,7.25,7.75,8.0,8.75,10.0,10.0,9.75,10.25,10.0,10.0,,0.6170854271356784
30,13,3,Christine Chiu,Pasha Pashkov,TV Personality,,Taiwan China,38,6.25,6.0,7.0,,,,,,,,,0.019095477386934675
30,14,6,Kenya Moore,Brandon Armstrong,TV Personality,Michigan,United States,50,6.5,6.0,7.0,7.375,9.0,8.0,,,,,,0.08040201005025126
30,15,10,Amanda Kloots,Alan Bersten,TV Personality,Ohio,United States,39,7.0,8.0,8.0,8.5,9.75,9.5,8.5,10.5,9.875,9.75,,0.1728643216080402
31,1,1,Jason Lewis,Peta Murgatroyd,Actor/Actress,California,United States,51,4.5,,,,,,,,,,,0.029649595687331536
31,2,3,Cheryl Ladd,Louis van Amstel,Actor/Actress,South Dakota,United States,71,5.25,5.25,6.0,,,,,,,,,0.07457322551662174
31,3,5,Selma Blair,Sasha Farber,Actor/Actress,Michigan,United States,50,7.0,7.0,7.0,8.0,10.0,,,,,,,0.2551662174303684
31,4,5,Joseph Baena,Daniella Karagach,Actor/Actress,California,United States,24,5.75,6.0,7.25,7.0,8.75,,,,,,,0.08715184186882301
31,5,9,Trevor Donovan,Emma Slater,Actor/Actress,California,United States,39,5.25,7.5,6.75,7.0,9.0,8.5,9.75,9.75,8.125,,,0.1105121293800539
31,6,9,Daniel Durant,Britt Stewart,Actor/Actress,Michigan,United States,32,6.75,7.25,7.75,7.25,8.375,8.5,9.125,9.75,8.625,,,0.036837376460017966
31,7,10,Wayne Brady,Witney Carson,Comedian,Georgia,United States,50,7.25,8.0,8.25,9.0,10.25,8.5,9.5,11.25,9.125,9.5,,0.1518418688230009
31,8,4,Sam Champion,Cheryl Burke,News Anchor,Kentucky,United States,61,5.0,6.5,6.25,6.25,,,,,,,,0.028751123090745734
31,9,6,Jessie James Decker,Alan Bersten,Singer/Rapper,,Italy,34,5.0,6.25,6.5,7.75,9.0,8.0,,,,,,0.06289308176100629
31,10,7,Jordin Sparks,Brandon Armstrong,Singer/Rapper,Arizona,United States,32,6.5,6.75,7.25,8.5,8.875,8.5,8.625,,,,,0.08355795148247978
31,11,8,Heidi D'Amelio,Artem Chigvintsev,Social Media Personality,Louisiana,United States,50,6.0,7.0,8.0,8.5,9.75,9.0,8.75,8.75,,,,0.026954177897574125
31,12,0,Charli D'Amelio,Mark Ballas,Social Media Personality,Connecticut,United States,18,8.0,8.0,8.25,9.0,10.5,10.0,9.75,11.25,10.0,10.0,,0.26864330637915546
31,13,2,Teresa Giudice,Pasha Pashkov,TV Personality,New Jersey,United States,50,5.0,5.75,,,,,,,,,,0.0862533692722372
31,14,8,Vinny Guadagnino,Koko Iwasaki,TV Personality,New York,United States,34,4.25,6.75,5.75,7.25,7.75,7.0,7.875,7.25,,,,0.027852650494159928
31,15,10,Shangela,Gleb Savchenko,TV Personality,Texas,United States,40,7.0,7.0,7.5,8.0,9.625,9.0,9.125,10.5,9.125,9.5,,0.05211141060197664
31,16,10,Gabby Windey,Valentin Chmerkovskiy,TV Personality,Illinois,United States,31,7.0,8.0,8.25,9.0,10.25,9.25,8.875,10.0,10.0,10.0,,0.09164420485175202
32,1,2,Jamie Lynn Spears,Alan Bersten,Actor/Actress,Mississippi,United States,32,5.0,5.333333333333333,,,,,,,,,,0.14042553191489363
32,2,5,Mira Sorvino,Gleb Savchenko,Actor/Actress,New York,United States,55,5.666666666666667,6.0,6.5,7.0,7.333333333333333,,,,,,,0.14297872340425533
32,3,8,Barry Williams,Peta Murgatroyd,Actor/Actress,California,United States,68,5.333333333333333,5.0,6.25,6.0,8.0,8.0,8.125,8.75,,,,0.18382978723404256
32,4,11,Alyson Hannigan,Sasha Farber,Actor/Actress,Washington D.C.,United States,49,4.333333333333333,6.333333333333333,6.0,6.0,7.0,7.75,8.75,9.0,8.0,8.5,8.833333333333334,0.12
32,5,0,Xochitl Gomez,Valentin Chmerkovskiy,Actor/Actress,California,United States,17,6.0,8.0,8.0,9.0,9.333333333333334,10.5,9.25,10.0,10.25,10.0,10.0,0.1651063829787234
32,6,4,Adrian Peterson,Britt Stewart,Athlete,Texas,United States,38,6.0,5.0,5.5,7.0,,,,,,,,0.0902127659574468
32,7,1,Matt Walsh,Koko Iwasaki,Comedian,Illinois,United States,58,4.0,,,,,,,,,,,0.09106382978723404
32,8,3,Tyson Beckford,Jenna Johnson,Model,New York,United States,52,4.0,6.0,5.0,,,,,,,,,0.02723404255319149
32,9,11,Jason Mraz,Daniella Karagach,Singer/Rapper,Virginia,United States,46,7.0,8.0,8.5,8.0,9.0,9.75,9.0,8.25,10.75,9.5,10.0,0.15914893617021278
32,10,7,Lele Pons,Brandon Armstrong,Social Media Personality,,Venezuela,27,6.333333333333333,7.0,6.75,7.333333333333333,8.0,9.25,9.125,,,,,0.0748936170212766
32,11,9,Harry Jowsey,Rylee Arnold,TV Personality,,Australia,26,4.0,5.0,6.0,7.0,6.0,7.25,8.0,7.0,7.5,,,0.20425531914893616
32,12,6,Mauricio Umansky,Emma Slater,TV Personality,,Mexico,53,5.0,4.0,5.75,6.333333333333333,8.0,8.25,,,,,,0.09446808510638298
32,13,11,Charity Lawson,Artem Chigvintsev,TV Personality,Georgia,United States,27,7.333333333333333,7.0,8.0,8.0,9.333333333333334,9.5,9.0,9.75,9.5,9.833333333333334,9.833333333333334,0.04
32,14,11,Ariana Madix,Pasha Pashkov,TV Personality,Florida,United States,38,7.0,6.666666666666667,8.5,8.333333333333334,8.0,10.25,9.25,10.5,9.25,9.666666666666666,9.833333333333334,0.11829787234042553
33,1,2,Tori Spelling,Pasha Pashkov,Actor/Actress,California,United States,51,5.666666666666667,6.333333333333333,,,,,,,,,,0.08473282442748091
33,2,3,Eric Roberts,Britt Stewart,Actor/Actress,California,United States,68,5.0,5.0,5.75,,,,,,,,,0.12595419847328243
33,3,3,Reginald VelJohnson,Emma Slater,Actor/Actress,New York,United States,74,5.333333333333333,5.0,5.25,,,,,,,,,0.03435114503816794
33,4,9,Chandler Kinney,Brandon Armstrong,Actor/Actress,California,United States,24,7.666666666666667,8.0,8.625,8.0,9.0,10.666666666666666,10.0,9.666666666666666,10.0,,,0.07786259541984733
33,5,7,Dwight Howard,Daniella Karagach,Athlete,Georgia,United States,38,7.333333333333333,7.333333333333333,6.5,7.25,8.0,10.333333333333334,8.0,,,,,0.0
33,6,9,Danny Amendola,Witney Carson,Athlete,Texas,United States,39,6.666666666666667,7.0,7.5,9.0,8.5,9.333333333333334,8.5,9.0,9.333333333333334,,,0.1435114503816794
33,7,9,Stephen Nedoroscik,Rylee Arnold,Athlete,Florida,United States,26,7.0,7.333333333333333,7.75,8.25,8.0,9.333333333333334,9.0,8.833333333333334,9.833333333333334,,,0.05648854961832061
33,8,9,Ilona Maher,Alan Bersten,Athlete,California,United States,28,6.0,7.0,7.0,8.0,8.666666666666666,8.0,8.666666666666666,9.5,9.5,,,0.20458015267175572
33,9,2,Anna Delvey,Ezra Sosa,Con artist,,Russia,33,6.0,5.666666666666667,,,,,,,,,,0.2717557251908397
33,10,4,Brooks Nader,Gleb Savchenko,Model,New York,United States,27,6.0,6.666666666666667,7.625,8.0,,,,,,,,0.12137404580152672
33,11,5,Phaedra Parks,Val Chmerkovskiy,TV Personality,Georgia,United States,51,6.333333333333333,7.0,7.0,8.0,8.0,,,,,,,0.024427480916030534
33,12,6,Jenn Tran,Sasha Farber,TV Personality,Florida,United States,26,6.333333333333333,6.333333333333333,7.75,8.0,8.5,10.333333333333334,,,,,,0.08778625954198473
33,13,0,Joey Graziadei,Jenna Johnson,TV Personality,Louisiana,United States,29,7.0,7.333333333333333,8.75,9.0,8.666666666666666,10.666666666666666,9.166666666666666,9.666666666666666,9.833333333333334,,,0.03435114503816794
34,1,2,Corey Feldman,Jenna Johnson,Actor/Actress,California,United States,54,4.5,5.0,,,,,,,,,,0.06810519217801753
34,2,8,Danielle Fishel,Pasha Pashkov,Actor/Actress,California,United States,44,6.0,6.333333333333333,7.0,7.0,7.25,9.0,8.75,9.25,,,,0.07417397167902899
34,3,11,Elaine Hendrix,Alan Bersten (Rashad Jennings week 9),Actor/Actress,Georgia,United States,55,6.0,7.0,7.0,8.0,7.5,9.0,8.0,9.375,9.0,9.5,9.6666,0.08091706001348618
34,4,2,Baron Davis,Britt Stewart,Athlete,California,United States,46,5.0,6.0,,,,,,,,,,0.006743088334457181
34,5,11,Jordan Chiles,Ezra Sosa (Apolo Anton Ohno week 9),Athlete,Texas,United States,24,5.0,7.333333333333333,8.0,8.0,8.0,9.75,9.5,9.75,9.75,9.5,9.888866666666667,0.03236682400539447
34,6,9,Andy Richter,Emma Slater/Kaitlyn Bristowe (week 9),Comedian,California,United States,59,4.5,5.333333333333333,6.0,6.0,6.0,6.75,7.25,8.5,7.25,,,0.08428860418071477
34,7,0,Robert Irwin,Witney Carson (Xoshitl Gomez week 9),Conservationist,,Australia,22,7.5,7.333333333333333,7.333333333333333,7.333333333333333,8.75,9.0,10.25,9.5,10.5,9.833333333333334,9.888866666666667,0.23128792987188132
34,8,4,Hilaria Baldwin,Gleb Savchenko,Entrepreneur,New York,United States,41,7.0,7.0,7.333333333333333,7.666666666666667,,,,,,,,0.06810519217801753
34,9,3,Lauren Jauregui,Brandon Armstrong,Singer/Rapper,Florida,United States,29,6.5,7.0,6.0,,,,,,,,,0.014160485502360081
34,10,6,Scott Hoying,Rylee Arnold,Singer/Rapper,California,United States,34,5.0,6.0,7.333333333333333,7.0,7.5,7.0,,,,,,0.014834794335805798
34,11,11,Alix Earle,Val Chmerkovskiy (Joey Graziadei week 9),Social media personality,Florida,United States,24,6.5,7.0,7.666666666666667,8.0,8.75,8.75,10.75,9.625,10.0,9.666666666666666,10.0,0.09440323668240054
34,12,7,Jen Affleck,Jan Ravnik,TV Personality,Utah,United States,26,6.0,7.333333333333333,6.333333333333333,7.666666666666667,7.25,8.0,8.5,,,,,0.06945380984490897
34,13,10,Whitney Leavitt,Mark Ballas,TV Personality,Utah,United States,32,7.5,7.333333333333333,8.0,8.333333333333334,8.25,9.75,10.5,9.875,10.5,9.666666666666666,,0.07619689817936615
34,14,11,Dylan Efron,Daniella Karagach (Rumer Willis week 9),TV Personality,California,United States,33,5.0,6.666666666666667,7.666666666666667,7.666666666666667,9.0,8.0,9.5,9.5,10.5,9.166666666666666,9.777733333333334,0.11328388401888065
